index,scenario,test_size,scaling,model,accuracy_mean,accuracy_std,f1_weighted_mean,f1_weighted_std,kappa_mean,kappa_std,roc_auc_ovr_mean,roc_auc_ovr_std
7,binary,0.3,none,Hybrid KNN-SVM,0.9866666666666667,0.0,0.986612033724896,7.16578292457955e-06,0.9643668828414586,3.707690735995429e-05,0.9925083949178837,0.001596846518706839
25,multi_class,0.3,minmax,Hybrid KNN-SVM,0.9425925925925926,0.005237828008789288,0.9414816847710648,0.005621180874340618,0.9285237043073455,0.006496056593810996,0.9898142098352389,0.0011514935947012563
